124;100 Market Street;Suite 300;San Francisco;USA;ljennings@classicmodelcars.com;1165;x3291;Leslie;Sales Rep;Jennings;1;+1 650 219 4782;94080;1143;CA;NA
129;100 Market Street;Suite 300;San Francisco;USA;ljennings@classicmodelcars.com;1165;x3291;Leslie;Sales Rep;Jennings;1;+1 650 219 4782;94080;1143;CA;NA
161;100 Market Street;Suite 300;San Francisco;USA;ljennings@classicmodelcars.com;1165;x3291;Leslie;Sales Rep;Jennings;1;+1 650 219 4782;94080;1143;CA;NA
321;100 Market Street;Suite 300;San Francisco;USA;ljennings@classicmodelcars.com;1165;x3291;Leslie;Sales Rep;Jennings;1;+1 650 219 4782;94080;1143;CA;NA
450;100 Market Street;Suite 300;San Francisco;USA;ljennings@classicmodelcars.com;1165;x3291;Leslie;Sales Rep;Jennings;1;+1 650 219 4782;94080;1143;CA;NA
487;100 Market Street;Suite 300;San Francisco;USA;ljennings@classicmodelcars.com;1165;x3291;Leslie;Sales Rep;Jennings;1;+1 650 219 4782;94080;1143;CA;NA
112;100 Market Street;Suite 300;San Francisco;USA;lthompson@classicmodelcars.com;1166;x4065;Leslie;Sales Rep;Thompson;1;+1 650 219 4782;94080;1143;CA;NA
205;100 Market Street;Suite 300;San Francisco;USA;lthompson@classicmodelcars.com;1166;x4065;Leslie;Sales Rep;Thompson;1;+1 650 219 4782;94080;1143;CA;NA
219;100 Market Street;Suite 300;San Francisco;USA;lthompson@classicmodelcars.com;1166;x4065;Leslie;Sales Rep;Thompson;1;+1 650 219 4782;94080;1143;CA;NA
239;100 Market Street;Suite 300;San Francisco;USA;lthompson@classicmodelcars.com;1166;x4065;Leslie;Sales Rep;Thompson;1;+1 650 219 4782;94080;1143;CA;NA
347;100 Market Street;Suite 300;San Francisco;USA;lthompson@classicmodelcars.com;1166;x4065;Leslie;Sales Rep;Thompson;1;+1 650 219 4782;94080;1143;CA;NA
475;100 Market Street;Suite 300;San Francisco;USA;lthompson@classicmodelcars.com;1166;x4065;Leslie;Sales Rep;Thompson;1;+1 650 219 4782;94080;1143;CA;NA
173;1550 Court Place;Suite 102;Boston;USA;jfirrelli@classicmodelcars.com;1188;x2173;Julie;Sales Rep;Firrelli;2;+1 215 837 0825;02107;1143;MA;NA
204;1550 Court Place;Suite 102;Boston;USA;jfirrelli@classicmodelcars.com;1188;x2173;Julie;Sales Rep;Firrelli;2;+1 215 837 0825;02107;1143;MA;NA
320;1550 Court Place;Suite 102;Boston;USA;jfirrelli@classicmodelcars.com;1188;x2173;Julie;Sales Rep;Firrelli;2;+1 215 837 0825;02107;1143;MA;NA
339;1550 Court Place;Suite 102;Boston;USA;jfirrelli@classicmodelcars.com;1188;x2173;Julie;Sales Rep;Firrelli;2;+1 215 837 0825;02107;1143;MA;NA
379;1550 Court Place;Suite 102;Boston;USA;jfirrelli@classicmodelcars.com;1188;x2173;Julie;Sales Rep;Firrelli;2;+1 215 837 0825;02107;1143;MA;NA
495;1550 Court Place;Suite 102;Boston;USA;jfirrelli@classicmodelcars.com;1188;x2173;Julie;Sales Rep;Firrelli;2;+1 215 837 0825;02107;1143;MA;NA
157;1550 Court Place;Suite 102;Boston;USA;spatterson@classicmodelcars.com;1216;x4334;Steve;Sales Rep;Patterson;2;+1 215 837 0825;02107;1143;MA;NA
198;1550 Court Place;Suite 102;Boston;USA;spatterson@classicmodelcars.com;1216;x4334;Steve;Sales Rep;Patterson;2;+1 215 837 0825;02107;1143;MA;NA
286;1550 Court Place;Suite 102;Boston;USA;spatterson@classicmodelcars.com;1216;x4334;Steve;Sales Rep;Patterson;2;+1 215 837 0825;02107;1143;MA;NA
362;1550 Court Place;Suite 102;Boston;USA;spatterson@classicmodelcars.com;1216;x4334;Steve;Sales Rep;Patterson;2;+1 215 837 0825;02107;1143;MA;NA
363;1550 Court Place;Suite 102;Boston;USA;spatterson@classicmodelcars.com;1216;x4334;Steve;Sales Rep;Patterson;2;+1 215 837 0825;02107;1143;MA;NA
462;1550 Court Place;Suite 102;Boston;USA;spatterson@classicmodelcars.com;1216;x4334;Steve;Sales Rep;Patterson;2;+1 215 837 0825;02107;1143;MA;NA
151;523 East 53rd Street;apt. 5A;NYC;USA;ftseng@classicmodelcars.com;1286;x2248;Foon Yue;Sales Rep;Tseng;3;+1 212 555 3000;10022;1143;NY;NA
168;523 East 53rd Street;apt. 5A;NYC;USA;ftseng@classicmodelcars.com;1286;x2248;Foon Yue;Sales Rep;Tseng;3;+1 212 555 3000;10022;1143;NY;NA
181;523 East 53rd Street;apt. 5A;NYC;USA;ftseng@classicmodelcars.com;1286;x2248;Foon Yue;Sales Rep;Tseng;3;+1 212 555 3000;10022;1143;NY;NA
233;523 East 53rd Street;apt. 5A;NYC;USA;ftseng@classicmodelcars.com;1286;x2248;Foon Yue;Sales Rep;Tseng;3;+1 212 555 3000;10022;1143;NY;NA
424;523 East 53rd Street;apt. 5A;NYC;USA;ftseng@classicmodelcars.com;1286;x2248;Foon Yue;Sales Rep;Tseng;3;+1 212 555 3000;10022;1143;NY;NA
455;523 East 53rd Street;apt. 5A;NYC;USA;ftseng@classicmodelcars.com;1286;x2248;Foon Yue;Sales Rep;Tseng;3;+1 212 555 3000;10022;1143;NY;NA
456;523 East 53rd Street;apt. 5A;NYC;USA;ftseng@classicmodelcars.com;1286;x2248;Foon Yue;Sales Rep;Tseng;3;+1 212 555 3000;10022;1143;NY;NA
131;523 East 53rd Street;apt. 5A;NYC;USA;gvanauf@classicmodelcars.com;1323;x4102;George;Sales Rep;Vanauf;3;+1 212 555 3000;10022;1143;NY;NA
175;523 East 53rd Street;apt. 5A;NYC;USA;gvanauf@classicmodelcars.com;1323;x4102;George;Sales Rep;Vanauf;3;+1 212 555 3000;10022;1143;NY;NA
202;523 East 53rd Street;apt. 5A;NYC;USA;gvanauf@classicmodelcars.com;1323;x4102;George;Sales Rep;Vanauf;3;+1 212 555 3000;10022;1143;NY;NA
260;523 East 53rd Street;apt. 5A;NYC;USA;gvanauf@classicmodelcars.com;1323;x4102;George;Sales Rep;Vanauf;3;+1 212 555 3000;10022;1143;NY;NA
319;523 East 53rd Street;apt. 5A;NYC;USA;gvanauf@classicmodelcars.com;1323;x4102;George;Sales Rep;Vanauf;3;+1 212 555 3000;10022;1143;NY;NA
328;523 East 53rd Street;apt. 5A;NYC;USA;gvanauf@classicmodelcars.com;1323;x4102;George;Sales Rep;Vanauf;3;+1 212 555 3000;10022;1143;NY;NA
447;523 East 53rd Street;apt. 5A;NYC;USA;gvanauf@classicmodelcars.com;1323;x4102;George;Sales Rep;Vanauf;3;+1 212 555 3000;10022;1143;NY;NA
486;523 East 53rd Street;apt. 5A;NYC;USA;gvanauf@classicmodelcars.com;1323;x4102;George;Sales Rep;Vanauf;3;+1 212 555 3000;10022;1143;NY;NA
146;43 Rue Jouffroy D'abbans;;Paris;France;lbondur@classicmodelcars.com;1337;x6493;Loui;Sales Rep;Bondur;4;+33 14 723 4404;75017;1102;;EMEA
172;43 Rue Jouffroy D'abbans;;Paris;France;lbondur@classicmodelcars.com;1337;x6493;Loui;Sales Rep;Bondur;4;+33 14 723 4404;75017;1102;;EMEA
250;43 Rue Jouffroy D'abbans;;Paris;France;lbondur@classicmodelcars.com;1337;x6493;Loui;Sales Rep;Bondur;4;+33 14 723 4404;75017;1102;;EMEA
350;43 Rue Jouffroy D'abbans;;Paris;France;lbondur@classicmodelcars.com;1337;x6493;Loui;Sales Rep;Bondur;4;+33 14 723 4404;75017;1102;;EMEA
353;43 Rue Jouffroy D'abbans;;Paris;France;lbondur@classicmodelcars.com;1337;x6493;Loui;Sales Rep;Bondur;4;+33 14 723 4404;75017;1102;;EMEA
406;43 Rue Jouffroy D'abbans;;Paris;France;lbondur@classicmodelcars.com;1337;x6493;Loui;Sales Rep;Bondur;4;+33 14 723 4404;75017;1102;;EMEA
103;43 Rue Jouffroy D'abbans;;Paris;France;ghernande@classicmodelcars.com;1370;x2028;Gerard;Sales Rep;Hernandez;4;+33 14 723 4404;75017;1102;;EMEA
119;43 Rue Jouffroy D'abbans;;Paris;France;ghernande@classicmodelcars.com;1370;x2028;Gerard;Sales Rep;Hernandez;4;+33 14 723 4404;75017;1102;;EMEA
141;43 Rue Jouffroy D'abbans;;Paris;France;ghernande@classicmodelcars.com;1370;x2028;Gerard;Sales Rep;Hernandez;4;+33 14 723 4404;75017;1102;;EMEA
171;43 Rue Jouffroy D'abbans;;Paris;France;ghernande@classicmodelcars.com;1370;x2028;Gerard;Sales Rep;Hernandez;4;+33 14 723 4404;75017;1102;;EMEA
209;43 Rue Jouffroy D'abbans;;Paris;France;ghernande@classicmodelcars.com;1370;x2028;Gerard;Sales Rep;Hernandez;4;+33 14 723 4404;75017;1102;;EMEA
242;43 Rue Jouffroy D'abbans;;Paris;France;ghernande@classicmodelcars.com;1370;x2028;Gerard;Sales Rep;Hernandez;4;+33 14 723 4404;75017;1102;;EMEA
256;43 Rue Jouffroy D'abbans;;Paris;France;ghernande@classicmodelcars.com;1370;x2028;Gerard;Sales Rep;Hernandez;4;+33 14 723 4404;75017;1102;;EMEA
145;43 Rue Jouffroy D'abbans;;Paris;France;pcastillo@classicmodelcars.com;1401;x2759;Pamela;Sales Rep;Castillo;4;+33 14 723 4404;75017;1102;;EMEA
227;43 Rue Jouffroy D'abbans;;Paris;France;pcastillo@classicmodelcars.com;1401;x2759;Pamela;Sales Rep;Castillo;4;+33 14 723 4404;75017;1102;;EMEA
249;43 Rue Jouffroy D'abbans;;Paris;France;pcastillo@classicmodelcars.com;1401;x2759;Pamela;Sales Rep;Castillo;4;+33 14 723 4404;75017;1102;;EMEA
278;43 Rue Jouffroy D'abbans;;Paris;France;pcastillo@classicmodelcars.com;1401;x2759;Pamela;Sales Rep;Castillo;4;+33 14 723 4404;75017;1102;;EMEA
314;43 Rue Jouffroy D'abbans;;Paris;France;pcastillo@classicmodelcars.com;1401;x2759;Pamela;Sales Rep;Castillo;4;+33 14 723 4404;75017;1102;;EMEA
381;43 Rue Jouffroy D'abbans;;Paris;France;pcastillo@classicmodelcars.com;1401;x2759;Pamela;Sales Rep;Castillo;4;+33 14 723 4404;75017;1102;;EMEA
382;43 Rue Jouffroy D'abbans;;Paris;France;pcastillo@classicmodelcars.com;1401;x2759;Pamela;Sales Rep;Castillo;4;+33 14 723 4404;75017;1102;;EMEA
386;43 Rue Jouffroy D'abbans;;Paris;France;pcastillo@classicmodelcars.com;1401;x2759;Pamela;Sales Rep;Castillo;4;+33 14 723 4404;75017;1102;;EMEA
452;43 Rue Jouffroy D'abbans;;Paris;France;pcastillo@classicmodelcars.com;1401;x2759;Pamela;Sales Rep;Castillo;4;+33 14 723 4404;75017;1102;;EMEA
473;43 Rue Jouffroy D'abbans;;Paris;France;pcastillo@classicmodelcars.com;1401;x2759;Pamela;Sales Rep;Castillo;4;+33 14 723 4404;75017;1102;;EMEA
216;43 Rue Jouffroy D'abbans;;Paris;France;mgerard@classicmodelcars.com;1702;x2312;Martin;Sales Rep;Gerard;4;+33 14 723 4404;75017;1102;;EMEA
298;43 Rue Jouffroy D'abbans;;Paris;France;mgerard@classicmodelcars.com;1702;x2312;Martin;Sales Rep;Gerard;4;+33 14 723 4404;75017;1102;;EMEA
344;43 Rue Jouffroy D'abbans;;Paris;France;mgerard@classicmodelcars.com;1702;x2312;Martin;Sales Rep;Gerard;4;+33 14 723 4404;75017;1102;;EMEA
376;43 Rue Jouffroy D'abbans;;Paris;France;mgerard@classicmodelcars.com;1702;x2312;Martin;Sales Rep;Gerard;4;+33 14 723 4404;75017;1102;;EMEA
458;43 Rue Jouffroy D'abbans;;Paris;France;mgerard@classicmodelcars.com;1702;x2312;Martin;Sales Rep;Gerard;4;+33 14 723 4404;75017;1102;;EMEA
484;43 Rue Jouffroy D'abbans;;Paris;France;mgerard@classicmodelcars.com;1702;x2312;Martin;Sales Rep;Gerard;4;+33 14 723 4404;75017;1102;;EMEA
148;4-1 Kioicho;;Tokyo;Japan;mnishi@classicmodelcars.com;1621;x101;Mami;Sales Rep;Nishi;5;+81 33 224 5000;102-8578;1056;Chiyoda-Ku;Japan
177;4-1 Kioicho;;Tokyo;Japan;mnishi@classicmodelcars.com;1621;x101;Mami;Sales Rep;Nishi;5;+81 33 224 5000;102-8578;1056;Chiyoda-Ku;Japan
211;4-1 Kioicho;;Tokyo;Japan;mnishi@classicmodelcars.com;1621;x101;Mami;Sales Rep;Nishi;5;+81 33 224 5000;102-8578;1056;Chiyoda-Ku;Japan
385;4-1 Kioicho;;Tokyo;Japan;mnishi@classicmodelcars.com;1621;x101;Mami;Sales Rep;Nishi;5;+81 33 224 5000;102-8578;1056;Chiyoda-Ku;Japan
398;4-1 Kioicho;;Tokyo;Japan;mnishi@classicmodelcars.com;1621;x101;Mami;Sales Rep;Nishi;5;+81 33 224 5000;102-8578;1056;Chiyoda-Ku;Japan
114;5-11 Wentworth Avenue;Floor #2;Sydney;Australia;afixter@classicmodelcars.com;1611;x101;Andy;Sales Rep;Fixter;6;+61 2 9264 2451;NSW 2010;1088;;APAC
276;5-11 Wentworth Avenue;Floor #2;Sydney;Australia;afixter@classicmodelcars.com;1611;x101;Andy;Sales Rep;Fixter;6;+61 2 9264 2451;NSW 2010;1088;;APAC
282;5-11 Wentworth Avenue;Floor #2;Sydney;Australia;afixter@classicmodelcars.com;1611;x101;Andy;Sales Rep;Fixter;6;+61 2 9264 2451;NSW 2010;1088;;APAC
333;5-11 Wentworth Avenue;Floor #2;Sydney;Australia;afixter@classicmodelcars.com;1611;x101;Andy;Sales Rep;Fixter;6;+61 2 9264 2451;NSW 2010;1088;;APAC
471;5-11 Wentworth Avenue;Floor #2;Sydney;Australia;afixter@classicmodelcars.com;1611;x101;Andy;Sales Rep;Fixter;6;+61 2 9264 2451;NSW 2010;1088;;APAC
166;5-11 Wentworth Avenue;Floor #2;Sydney;Australia;pmarsh@classicmodelcars.com;1612;x102;Peter;Sales Rep;Marsh;6;+61 2 9264 2451;NSW 2010;1088;;APAC
323;5-11 Wentworth Avenue;Floor #2;Sydney;Australia;pmarsh@classicmodelcars.com;1612;x102;Peter;Sales Rep;Marsh;6;+61 2 9264 2451;NSW 2010;1088;;APAC
357;5-11 Wentworth Avenue;Floor #2;Sydney;Australia;pmarsh@classicmodelcars.com;1612;x102;Peter;Sales Rep;Marsh;6;+61 2 9264 2451;NSW 2010;1088;;APAC
412;5-11 Wentworth Avenue;Floor #2;Sydney;Australia;pmarsh@classicmodelcars.com;1612;x102;Peter;Sales Rep;Marsh;6;+61 2 9264 2451;NSW 2010;1088;;APAC
496;5-11 Wentworth Avenue;Floor #2;Sydney;Australia;pmarsh@classicmodelcars.com;1612;x102;Peter;Sales Rep;Marsh;6;+61 2 9264 2451;NSW 2010;1088;;APAC
186;25 Old Broad Street;Level 7;London;UK;lbott@classicmodelcars.com;1501;x2311;Larry;Sales Rep;Bott;7;+44 20 7877 2041;EC2N 1HN;1102;;EMEA
187;25 Old Broad Street;Level 7;London;UK;lbott@classicmodelcars.com;1501;x2311;Larry;Sales Rep;Bott;7;+44 20 7877 2041;EC2N 1HN;1102;;EMEA
201;25 Old Broad Street;Level 7;London;UK;lbott@classicmodelcars.com;1501;x2311;Larry;Sales Rep;Bott;7;+44 20 7877 2041;EC2N 1HN;1102;;EMEA
240;25 Old Broad Street;Level 7;London;UK;lbott@classicmodelcars.com;1501;x2311;Larry;Sales Rep;Bott;7;+44 20 7877 2041;EC2N 1HN;1102;;EMEA
311;25 Old Broad Street;Level 7;London;UK;lbott@classicmodelcars.com;1501;x2311;Larry;Sales Rep;Bott;7;+44 20 7877 2041;EC2N 1HN;1102;;EMEA
324;25 Old Broad Street;Level 7;London;UK;lbott@classicmodelcars.com;1501;x2311;Larry;Sales Rep;Bott;7;+44 20 7877 2041;EC2N 1HN;1102;;EMEA
334;25 Old Broad Street;Level 7;London;UK;lbott@classicmodelcars.com;1501;x2311;Larry;Sales Rep;Bott;7;+44 20 7877 2041;EC2N 1HN;1102;;EMEA
489;25 Old Broad Street;Level 7;London;UK;lbott@classicmodelcars.com;1501;x2311;Larry;Sales Rep;Bott;7;+44 20 7877 2041;EC2N 1HN;1102;;EMEA
121;25 Old Broad Street;Level 7;London;UK;bjones@classicmodelcars.com;1504;x102;Barry;Sales Rep;Jones;7;+44 20 7877 2041;EC2N 1HN;1102;;EMEA
128;25 Old Broad Street;Level 7;London;UK;bjones@classicmodelcars.com;1504;x102;Barry;Sales Rep;Jones;7;+44 20 7877 2041;EC2N 1HN;1102;;EMEA
144;25 Old Broad Street;Level 7;London;UK;bjones@classicmodelcars.com;1504;x102;Barry;Sales Rep;Jones;7;+44 20 7877 2041;EC2N 1HN;1102;;EMEA
167;25 Old Broad Street;Level 7;London;UK;bjones@classicmodelcars.com;1504;x102;Barry;Sales Rep;Jones;7;+44 20 7877 2041;EC2N 1HN;1102;;EMEA
189;25 Old Broad Street;Level 7;London;UK;bjones@classicmodelcars.com;1504;x102;Barry;Sales Rep;Jones;7;+44 20 7877 2041;EC2N 1HN;1102;;EMEA
259;25 Old Broad Street;Level 7;London;UK;bjones@classicmodelcars.com;1504;x102;Barry;Sales Rep;Jones;7;+44 20 7877 2041;EC2N 1HN;1102;;EMEA
299;25 Old Broad Street;Level 7;London;UK;bjones@classicmodelcars.com;1504;x102;Barry;Sales Rep;Jones;7;+44 20 7877 2041;EC2N 1HN;1102;;EMEA
415;25 Old Broad Street;Level 7;London;UK;bjones@classicmodelcars.com;1504;x102;Barry;Sales Rep;Jones;7;+44 20 7877 2041;EC2N 1HN;1102;;EMEA
448;25 Old Broad Street;Level 7;London;UK;bjones@classicmodelcars.com;1504;x102;Barry;Sales Rep;Jones;7;+44 20 7877 2041;EC2N 1HN;1102;;EMEA
